Latitude,Longitude,Rented,Price,Link,Google Maps link,Description
20.56347,-103.35776,No,4500,https://www.facebook.com/marketplace/item/382408304169965,"https://www.google.com/maps/search/?api=1&query=20.56347,-103.35776","2 habitaciones 2 ba√±os - Casa	$4.500/mes	Alquileres	Villa Fontana Norte, Tlaquepaque, JAL	Publicado hace m√°s de una semana	Enviar mensaje	Guardar	Detalles de la unidad	Casa	2 dormitorios ¬∑ 2 ba√±os	No amueblado	Ubicaci√≥n de la propiedad	Tlaquepaque, JAL, 45615	Descripci√≥n	Casa de 2 pisos	Sala	Comedor	Cocina integral	1ba√±o completo y 1 medio ba√±o	Patio amplio	2 habitaciones con closet	Cochera con cancel para 1 auto	Tinaco	Boiler	Tanque de gas	Protecciones Ver menos	Reporta esta publicaci√≥n si crees que es discriminatoria.	Iniciar sesi√≥n para conocer m√°s detalles"
20.630647482537,-103.4175034663,No,3800,https://www.facebook.com/marketplace/item/445827793360101,"https://www.google.com/maps/search/?api=1&query=20.630647482537,-103.4175034663","1 habitaci√≥n 1 ba√±o - Departamento	$3.800/mes	Alquileres	Las √Åguilas, Zapopan, JAL	Publicado hace m√°s de una semana	Enviar mensaje	Guardar	Detalles de la unidad	Departamento	1 dormitorio ¬∑ 1 ba√±o	No amueblado	Ubicaci√≥n de la propiedad	Zapopan, JAL, 45070	Descripci√≥n	1 habitaci√≥n 1 ba√±o - Departamento		Rio Lerma 3311	, Las √Åguilas, 45080 Zapopan, JAL, M√©xico		Es un cuarto amueblado con cl√≥set, ventana, en un departamento nuevo con tres recamaras con cocina integral, muebles,  boiler, limpio, y ambiente tranquilo y agradable. Ver menos	Reporta esta publicaci√≥n si crees que es discriminatoria.	Iniciar sesi√≥n para conocer m√°s detalles"
20.62432,-103.40548,Yes,3600,https://www.facebook.com/marketplace/item/1205149113482662,"https://www.google.com/maps/search/?api=1&query=20.62432,-103.40548","Alquilado	  ¬∑	1 habitaci√≥n 1 ba√±o - Casa	$3.600/mes	Alquileres	R√≠o Tuxpan, Zapopan, JAL	Publicado hace m√°s de una semana	Guardar	Compartir	Detalles de la unidad	Casa	1 dormitorio ¬∑ 1 ba√±o	Lavadero disponible	Estacionamiento cubierto	No amueblado	Microondas	Horno	Patio	Refrigerador	Ubicaci√≥n de la propiedad	Zapopan, JAL, 45085	Descripci√≥n	Cuartos o Habitaciones amuebladas en renta en Col. Loma Bonita, Zapopan. La casa cuenta con 8 habitaciones reci√©n remodeladas, la habitaci√≥n m√°s econ√≥mica es de $3,600 pesos al mes, cada una cuenta con cama matrimonial, ba√±o propio completo, escritorio, ropero o closet, y sof√° dependiendo del tama√±o de la habitaci√≥n, se comparten √°reas comunes que son cocina (est√° completamente equipada con 2 refrigeradores, estufa, mesa, sillas, utensilios de cocina y horno microondas) 2 comedores y 1 cochera. Las √°reas comunes cuentan con circuito cerrado. La renta incluye servicios de agua, luz, gas e internet de 600 Megas, cerca del  ITESO, Tec Milenio, UVM, Av. L√≥pez Mateos Sur, Av. Sierra de Tapalpa, Av. Sierra de Mazamitla, cerca empresas como Herbalife, Tata y HP, requisitos: ser profesionista o estudiante, constancia del trabajo actual o constancia de estudios, INE, y comprobante de domicilio. Dep√≥sito de $2000 pesos. Ver menos	Reporta esta publicaci√≥n si crees que es discriminatoria.	Iniciar sesi√≥n para conocer m√°s detalles"
20.62038333125,-103.42343486,No,3800,https://www.facebook.com/marketplace/item/1414506836127455,"https://www.google.com/maps/search/?api=1&query=20.62038333125,-103.42343486","Se renta habitaci√≥n	$3.800/mes	Alquileres	Avenida Adolfo L√≥pez Mateos Sur, Zapopan, JAL	Publicado hace m√°s de una semana	Enviar mensaje	Guardar	Detalles de la unidad	Departamento	2 dormitorios ¬∑ 1 ba√±o	Ubicaci√≥n de la propiedad	Zapopan, JAL, 45070	Descripci√≥n	2 habitaciones 1 ba√±o - Departamento		Avenida Adolfo L√≥pez Mateos Sur, Las Fuentes, 45070 Zapopan, JAL, M√©xico Ver menos	Reporta esta publicaci√≥n si crees que es discriminatoria.	Iniciar sesi√≥n para conocer m√°s detalles"
20.62152,-103.41402,Yes,3600,https://www.facebook.com/marketplace/item/1228192601239634,"https://www.google.com/maps/search/?api=1&query=20.62152,-103.41402","Alquilado	  ¬∑	Habitaci√≥n privada en alquiler	$3.600/mes	Alquileres	Ixtepete 1464, Zapopan, JAL	180 metros cuadrados de superficie	Publicado hace m√°s de una semana	Guardar	Compartir	Detalles de la unidad	Casa	1 dormitorio ¬∑ 1 ba√±o	180 metros cuadrados de superficie	Lavadero en la unidad	Estacionamiento privado	No amueblado	9 personas viven aqu√≠	Ubicaci√≥n de la propiedad	Zapopan, JAL, 45080	Descripci√≥n	Cuartos o Habitaciones amuebladas en renta en Col. Pinar de la Calma, Zapopan. La casa cuenta con 9 habitaciones reci√©n remodeladas, la habitaci√≥n m√°s econ√≥mica es de $3,600 pesos al mes, cada una cuenta con cama matrimonial, ba√±o propio completo, escritorio y ropero o closet, se comparten √°reas comunes que son cocina (est√° completamente equipada con 2 refrigeradores, estufa, mesa, sillas, utensilios de cocina y horno microondas) 3 comedores y 3 cocheras. Las √°reas comunes cuentan con circuito cerrado. La renta incluye servicios de agua, luz, gas e internet de 220 Megas, cerca del  ITESO, Tec Milenio, UVM, Av. L√≥pez Mateos Sur, Av. Sierra de Tapalpa, Av. Sierra de Mazamitla, cerca empresas como Herbalife, Tata y HP, requisitos: ser profesionista o estudiante, constancia del trabajo actual o constancia de estudios, INE, y comprobante de domicilio. Dep√≥sito de $2000 pesos.y Ver menos	Reporta esta publicaci√≥n si crees que es discriminatoria.	Iniciar sesi√≥n para conocer m√°s detalles"
20.6164324,-103.4165053,No,3500,https://www.facebook.com/marketplace/item/1125143605514871,"https://www.google.com/maps/search/?api=1&query=20.6164324,-103.4165053","Habitaci√≥n privada en alquiler	$3.500/mes	Alquileres	Tuxtla 1570, Zapopan, JAL	Publicado hace m√°s de una semana ¬∑ Disponible ahora	Enviar mensaje	Guardar	Detalles de la unidad	Departamento	1 dormitorio ¬∑ 1 ba√±o	No amueblado	3 personas viven aqu√≠	Refrigerador	Ubicaci√≥n de la propiedad	Zapopan, JAL, 45080	Descripci√≥n	Se renta habitaci√≥n con closet. 	Se comparten √°reas comunes con dos personas m√°s. 	Renta incluye servicios. 	A 8 min caminado de mi macro, L√≥pez Mateos. Ver menos	Reporta esta publicaci√≥n si crees que es discriminatoria.	Iniciar sesi√≥n para conocer m√°s detalles"
20.60805,-103.43238,No,3600,https://www.facebook.com/marketplace/item/593443075795498,"https://www.google.com/maps/search/?api=1&query=20.60805,-103.43238","Habitaci√≥n privada en alquiler	$3.600/mes	Alquileres	Calle Ignacio Allende 13, Zapopan, JAL	260 metros cuadrados de superficie	Publicado hace m√°s de una semana ¬∑ Disponible ahora	Enviar mensaje	Guardar	Detalles del edificio	Conserje	Estacionamiento de bicicletas	Solicitud online	Terraza	Sala para hu√©spedes	Entrada con seguridad	Detalles de la unidad	Casa	5 dormitorios ¬∑ 4 ba√±os	260 metros cuadrados de superficie	Lavadero disponible	Estacionamiento disponible	No amueblado	5 personas viven aqu√≠	Balc√≥n	Refrigerador	Patio	TV por cable	Ubicaci√≥n de la propiedad	Zapopan, JAL, 45239	Descripci√≥n	Es una casa grande, c√≥moda y planeada para la renta de rec√°maras amuebladas que incluye todos los servicios para una estad√≠a de d√≠a, semana o mes . Ver menos	Reporta esta publicaci√≥n si crees que es discriminatoria.	Iniciar sesi√≥n para conocer m√°s detalles"
20.50642,-103.28826,No,3500,https://www.facebook.com/marketplace/item/295501920070604,"https://www.google.com/maps/search/?api=1&query=20.50642,-103.28826","Habitaci√≥n privada en alquiler	$3.500/mes	Alquileres	Calle San Carlos, Tlajomulco de Z√∫√±iga, JAL	Publicado hace m√°s de una semana ¬∑ Disponible ahora	Enviar mensaje	Guardar	Detalles del edificio	Conserje	Sala para hu√©spedes	Terraza	Detalles de la unidad	Casa	2 dormitorios ¬∑ 2 ba√±os	Lavadero disponible	Estacionamiento disponible	No amueblado	1 persona vive aqu√≠	Balc√≥n	Ventilador de techo	Microondas	Horno	Patio	Refrigerador	Ubicaci√≥n de la propiedad	Tlajomulco de Z√∫√±iga, JAL, 45670	Descripci√≥n	Habitaciones amuebladas 	Habitaciones con ba√±o 	Todos los servicios incluidos 	Servicio de limpieza incluido 	C√°maras de seguridad	√Åreas comunes totalmente equipadas		Informes 		[hidden information]‚Ä¨ Ver menos	Reporta esta publicaci√≥n si crees que es discriminatoria.	Iniciar sesi√≥n para conocer m√°s detalles"
20.483593994883,-103.24545815631,No,1234,https://www.facebook.com/marketplace/item/243824651641806,"https://www.google.com/maps/search/?api=1&query=20.483593994883,-103.24545815631","SE RENTA X DIA O SEMANA OJO "X MES NO SE RENTA"	$1.234/mes	Alquileres	Carretera a El Salto 100, Tlajomulco de Z√∫√±iga, JAL	Publicado hace m√°s de una semana	Enviar mensaje	Guardar	Detalles de la unidad	Casa	3 dormitorios ¬∑ 2 ba√±os	No amueblado	Ubicaci√≥n de la propiedad	Tlajomulco de Z√∫√±iga, JAL, 45640	Descripci√≥n	Se renta casa x d√≠a o semana	Cuenta con todos los servicios de agua, luz, seguridad privada, alberca, √°rea de juegos	La casa cuenta con 3 recamaras donde caben aproximadamente 7 u 8 personas...	Ubicada a 10 minutos del aeropuerto, 10 minutos de la arena vfg y sobretodo en el corredor industrial del salto...	-Marca ya [hidden information] Ver menos	Reporta esta publicaci√≥n si crees que es discriminatoria.	Iniciar sesi√≥n para conocer m√°s detalles"
20.486127477699,-103.25117752845,No,5000,https://www.facebook.com/marketplace/item/233528629698895,"https://www.google.com/maps/search/?api=1&query=20.486127477699,-103.25117752845","Departamento	$5.000/mes	Alquileres	atras de la alameda, Tlajomulco de Z√∫√±iga, JAL	Publicado hace m√°s de una semana	Enviar mensaje	Guardar	Detalles de la unidad	Departamento	2 dormitorios ¬∑ 1 ba√±o	Ubicaci√≥n de la propiedad	Tlajomulco de Z√∫√±iga, JAL, 45640	Descripci√≥n	2 habitaciones 1 ba√±o - Departamento		atras de la alameda, 45180 El Salto, Jalisco, M√©xico 	Reporta esta publicaci√≥n si crees que es discriminatoria.	Iniciar sesi√≥n para conocer m√°s detalles"
20.48597058778,-103.24575364941,No,3300,https://www.facebook.com/marketplace/item/156359653897197,"https://www.google.com/maps/search/?api=1&query=20.48597058778,-103.24575364941","2 habitaciones 1 ba√±o Departamento	$3.300/mes	Alquileres	Carretera a El Salto, Tlajomulco de Z√∫√±iga, JAL	40 metros cuadrados	Publicado hace m√°s de una semana ¬∑ Disponible ahora	Enviar mensaje	Guardar	Detalles de la unidad	Departamento	2 dormitorios ¬∑ 1 ba√±o	40 metros cuadrados	Lavadero en la unidad	Estacionamiento disponible	Ubicaci√≥n de la propiedad	Tlajomulco de Z√∫√±iga, JAL, 45640	Descripci√≥n	Departamento		Se renta 	Dos recamaras 	un ba√±o	Con seguridad	En fraccionamiento privado	De 5 a 10 min del Aeropuerto Internacional de Guadalajara Ver menos	Reporta esta publicaci√≥n si crees que es discriminatoria.	Iniciar sesi√≥n para conocer m√°s detalles"
20.522803,-103.243545,Yes,6500,https://www.facebook.com/marketplace/item/698597268684106,"https://www.google.com/maps/search/?api=1&query=20.522803,-103.243545","Alquilado	  ¬∑	2 habitaciones 1 ba√±o Casa	$6.500/mes	Alquileres	El Salto, Jalisco, M√©xico, El Salto, JAL	50 metros cuadrados	Publicado hace m√°s de una semana	Guardar	Compartir	Detalles de la unidad	Casa	2 dormitorios ¬∑ 1 ba√±o	50 metros cuadrados	Lavadero en la unidad	Estacionamiento disponible	Ubicaci√≥n de la propiedad	El Salto, JAL, 45685	Descripci√≥n	EL SALTO	Casa en Vista California Residencial	- Duplex planta baja	- Nueva a estrenar	- Dos Recamaras	- Closets	- Ventiladores de techo en los dos cuartos y en la sala	- 1 Ba√±o con cancel de vidrio templado	- Cochera para 1 auto	- Calentador de paso	- Cocina con barra de granito y Estufa	- Lavadero	- Protecciones en al frente de la casa y en patio	- Patio con pasto sint√©tico 	- Terraza	- Areas Verdes	- Coto privado	- Vigilancia 	- Caseta de Acceso		Requisitos:	- Comprobante de ingresos	- Mes de dep√≥sito	- Mes de renta por adelantado	- Contrato registrado ante el IJA	- Aval	- 6,500 mensuales con mantenimiento incluido		Informes con Sr. Alejandro [hidden information] Ver menos	Reporta esta publicaci√≥n si crees que es discriminatoria.	Iniciar sesi√≥n para conocer m√°s detalles"
20.62063,-103.40958,No,3000,https://www.facebook.com/marketplace/item/2697120183762431,"https://www.google.com/maps/search/?api=1&query=20.62063,-103.40958","1 habitaci√≥n 1 ba√±o - Casa	$3.000/mes	Alquileres	Valle de Toluquilla, Zapopan, JAL	Publicado hace m√°s de una semana	Enviar mensaje	Guardar	Detalles de la unidad	Casa	1 dormitorio ¬∑ 1 ba√±o	No amueblado	Ubicaci√≥n de la propiedad	Zapopan, JAL, 45080	Descripci√≥n	Cuarto amueblado servicios incluidos con ba√±o privado pedimos 1000 de deposito INE y tel√©fono y domicilio de la empresa donde trabajas Ver menos	Reporta esta publicaci√≥n si crees que es discriminatoria.	Iniciar sesi√≥n para conocer m√°s detalles"
20.61996,-103.40129,No,3000,https://www.facebook.com/marketplace/item/361977886390629,"https://www.google.com/maps/search/?api=1&query=20.61996,-103.40129","Habitaci√≥n privada en alquiler	$3.000/mes	Alquileres	Avenida Farall√≥n, Zapopan, JAL	Publicado hace m√°s de una semana ¬∑ Disponible ahora	Enviar mensaje	Guardar	Detalles del edificio	Estacionamiento de bicicletas	Terraza	Detalles de la unidad	Departamento	1 dormitorio ¬∑ 3 ba√±os	No amueblado	4 personas viven aqu√≠	Ventilador de techo	Refrigerador	Patio	Ubicaci√≥n de la propiedad	Zapopan, JAL, 45081	Descripci√≥n	Habitaci√≥n muy amplia,cama matrimonial, 2 ba√±os y medio compartidos,acceso a cocina totalmente equipada, wifi inclu√≠do , 2 lavadoras automaticas y todos los servicios,a 400 mts de la terminal Espa√±a y terminal M√°rtires de Cristo,farmacias,l√≠neas de camiones,supermercados , Oxxos,tiendas,muy comunicada,alta seguridad, c√°maras vigilantes,patrullas Ver menos	Reporta esta publicaci√≥n si crees que es discriminatoria.	Iniciar sesi√≥n para conocer m√°s detalles"
20.61713,-103.38877,No,6000,https://www.facebook.com/marketplace/item/284788314427415,"https://www.google.com/maps/search/?api=1&query=20.61713,-103.38877","2 habitaciones 1 ba√±o - Casa	$6.000/mes	Alquileres	Liquid√°mbar 4548, Guadalajara, JAL	Se aceptan perros y gatos	Publicado hace m√°s de una semana ¬∑ Disponible ahora	Enviar mensaje	Guardar	Detalles de la unidad	Casa	2 dormitorios ¬∑ 1 ba√±o	Lavadero en la unidad	No amueblado	Ubicaci√≥n de la propiedad	Guadalajara, JAL, 44980	Descripci√≥n	Se renta casa chica . Para dos personas adultas matrimonio o estudiantes , novios . No tiene cochera . Calle privada 	Lugar tranquilo sin ruidos  Ver menos	Reporta esta publicaci√≥n si crees que es discriminatoria.	Iniciar sesi√≥n para conocer m√°s detalles"
20.60491,-103.39391,No,3000,https://www.facebook.com/marketplace/item/722942239340368,"https://www.google.com/maps/search/?api=1&query=20.60491,-103.39391","1 habitaci√≥n 1 ba√±o - Departamento	$3.000/mes	Alquileres	Calle Orqu√≠dea 37, Tlaquepaque, JAL	Publicado hace m√°s de una semana ¬∑ Disponible ahora	Enviar mensaje	Guardar	Detalles de la unidad	Departamento	1 dormitorio ¬∑ 1 ba√±o	Aire acondicionado disponible	Lavadero en la unidad	No amueblado	Ubicaci√≥n de la propiedad	Tlaquepaque, JAL, 45606	Descripci√≥n	Cuartos personales, amueblados cuentan con tv. La renta incluye servicio de ; agua, luz, adem√°s de contar con lavadora autom√°tica y refrigerador por secci√≥n del edificio para uso com√∫n y tener acceso a terraza d√≥nde hay cocina y comedor que puedes utilizar, son cuartos que comparten ba√±o en esta secci√≥n hay 2 ba√±os uno de mujeres y uno de hombres Ver menos	Reporta esta publicaci√≥n si crees que es discriminatoria.	Iniciar sesi√≥n para conocer m√°s detalles"
20.59186,-103.39433,No,6500,https://www.facebook.com/marketplace/item/1017592886241991,"https://www.google.com/maps/search/?api=1&query=20.59186,-103.39433","2 habitaciones 2 ba√±os - Casa	$6.500/mes	Alquileres	Calle Antiguo Camino a Tlajomulco, Tlaquepaque, JAL	Publicado hace m√°s de una semana	Enviar mensaje	Guardar	Detalles de la unidad	Casa	2 dormitorios ¬∑ 2 ba√±os	No amueblado	Ubicaci√≥n de la propiedad	Tlaquepaque, JAL, 45601	Descripci√≥n	Dos recamaras 	Cocina integral 	Coto con vigilancia 		Renta ya incluye mantenimiento 		[hidden information] Ver menos	Reporta esta publicaci√≥n si crees que es discriminatoria.	Iniciar sesi√≥n para conocer m√°s detalles"
20.6389,-103.3115,No,3500,https://www.facebook.com/marketplace/item/1024811001972809,"https://www.google.com/maps/search/?api=1&query=20.6389,-103.3115","Habitaci√≥n privada en alquiler	$3.500/mes	Alquileres	Tlaquepaque, Jalisco, M√©xico, Tlaquepaque, JAL	Publicado hace m√°s de una semana	Enviar mensaje	Guardar	Detalles de la unidad	Casa	4 dormitorios ¬∑ 2 ba√±os	Lavadero disponible	2 personas viven aqu√≠	Ubicaci√≥n de la propiedad	Tlaquepaque, JAL, 45500	Descripci√≥n	¬°Aprovecha la oferta!!		Informes: 	Se√±ora Nelly 	WhatsApp  [hidden information] 		Cuarto amueblado con balc√≥n, cuenta con:	1 cama con colch√≥n (incluye sabanas, almohadas y colchas)	2 buros 	1 closet grande	1 tocador 	1 espejo 		Ubicaci√≥n: Calle Plan de la Soledad 3324, Revoluci√≥n, 45580 San Pedro Tlaquepaque, Jal.	https://goo.gl/maps/TvnnspVRopFLaCot5		Servicios incluidos:	*Internet	*Agua	*Luz	*Gas 		√Åreas comunes:	* 2 Ba√±os	*cocina (incluye platos)	*√°rea de lavado.		Lugares cercanos:	*A 3 minutos de carretera Chapala	*A 5 minutos de L√°zaro C√°rdenas	*Tiendas de abarrotes y tortiller√≠a	*Gimnasios y Farmacias	*Centro comercial y establecimientos de comida	*Paradas de camiones a menos de un minuto.	*Lavander√≠as, peluquer√≠as.	*Carnicer√≠a y Poller√≠a  y mucho m√°s.		Requisitos:	Constancia de escuela (en caso de seguir estudiando)	Carta de ingresos del lugar de trabajo debidamente firmada.	Copia del INE	Copia del comprobante de domicilio.	Deposito de $3500	Mes de renta igual de $3500		Informes: 	Se√±ora Nelly 	WhatsApp  [hidden information] 		Favor de mandar mensaje a ese n√∫mero, gracias por su atenci√≥n. Ver menos	Reporta esta publicaci√≥n si crees que es discriminatoria.	Iniciar sesi√≥n para conocer m√°s detalles"
20.5991399,-103.37889,No,6000,https://www.facebook.com/marketplace/item/3347797385441005,"https://www.google.com/maps/search/?api=1&query=20.5991399,-103.37889","2 habitaciones 1 ba√±o - Departamento	$6.000/mes	Alquileres	Avenida 8 de Julio 495B, Tlaquepaque, JAL	Publicado hace m√°s de una semana	Enviar mensaje	Guardar	Detalles de la unidad	Departamento	2 dormitorios ¬∑ 1 ba√±o	No amueblado	Ubicaci√≥n de la propiedad	Tlaquepaque, JAL, 45530	Descripci√≥n	Departamento nuevo en Renta En 8 de Julio fraccionamiento atardecer bien distribuido precio a tratar	2 recamaras, sala, comedor, ba√±o, cuarto de lavado y 1 estacionamiento.	cuenta con avenidas cercanas como:	Jes√∫s Michel Gonz√°lez/ 8 de Julio.	Perif√©rico sur.	Tiendas de todos los servicios.	Bodega Aurrera.	Escuelas.	Parques	Gym Ver menos	Reporta esta publicaci√≥n si crees que es discriminatoria.	Iniciar sesi√≥n para conocer m√°s detalles"
20.64668,-103.21432,No,6000,https://www.facebook.com/marketplace/item/7305948029423902,"https://www.google.com/maps/search/?api=1&query=20.64668,-103.21432","2 habitaciones 2 ba√±os - Casa	$6.000/mes	Alquileres	Tonal√°, JAL	Publicado hace 5 d√≠as ¬∑ Disponible ahora	Enviar mensaje	Guardar	Detalles del edificio	Estacionamiento de bicicletas	Terraza	Detalles de la unidad	Casa	2 dormitorios ¬∑ 2 ba√±os	Lavadero disponible	Estacionamiento privado	No amueblado	Patio	Ubicaci√≥n de la propiedad	Tonal√°, JAL	La ubicaci√≥n es aproximada	Descripci√≥n	Casa unifamiliar con jard√≠n excedente en Tonal√° con protecciones, sin cocina integral ni cl√≥set, nueva, con calentador el√©ctrico, se requiere  1 mes de dep√≥sito, pago 1 mes adelantado, responsable solidario con bien inmueble libre de gravamen. Ver menos	Reporta esta publicaci√≥n si crees que es discriminatoria.	Iniciar sesi√≥n para conocer m√°s detalles"
20.637253030834,-103.2313664,No,5000,https://www.facebook.com/marketplace/item/371086558618674,"https://www.google.com/maps/search/?api=1&query=20.637253030834,-103.2313664","2 habitaciones 1 ba√±o - Departamento	$5.000/mes	Alquileres	Mariano Jim√©nez 100, Tonal√°, JAL	Publicado hace m√°s de una semana	Enviar mensaje	Guardar	Detalles de la unidad	Departamento	2 dormitorios ¬∑ 1 ba√±o	No amueblado	Ubicaci√≥n de la propiedad	Tonal√°, JAL, 45400	Descripci√≥n	Rento Departamento		Piso 4 fraccionamiento torres Castilla a 5 minutos del centro de Tonal√°		EL DEPARTAMENTO cuenta con 2 recamaras, 1 ba√±o completo, patio, puertas en recamaras, cocina integral parrilla, calentador solar y calentador de paso, extractor en ba√±o, persianas, closet en ambas recamaras, caj√≥n de estacionamiento asignado		Amplias √°reas verdes, √°reas de juegos infantiles, terraza grande para eventos, cancha de f√∫tbol, cancha de basquetbol, vista Panor√°mica, pergolas para peque√±as reuniones, fraccionamiento cerrado con acceso controlado todo lo que necesitas para vivir tranquilo y feliz			Amenidades: Vigilancia, acceso controlado, terraza, juegos infantiles, cancha multiusos, estacionamiento visitas.	 Ver menos	Reporta esta publicaci√≥n si crees que es discriminatoria.	Iniciar sesi√≥n para conocer m√°s detalles"
20.62401,-103.2326,No,6000,https://www.facebook.com/marketplace/item/472159955125956,"https://www.google.com/maps/search/?api=1&query=20.62401,-103.2326","2 habitaciones 1 ba√±o - Departamento	$6.000/mes	Alquileres	Valerio Trujano, Tonal√°, JAL	Publicado hace m√°s de una semana	Enviar mensaje	Guardar	Detalles del edificio	Entrada con seguridad	Detalles de la unidad	Departamento	2 dormitorios ¬∑ 1 ba√±o	Estacionamiento privado	No amueblado	Ubicaci√≥n de la propiedad	Tonal√°, JAL, 45414	Descripci√≥n	Talavera residencial 	Departamento en 4to piso	2 rec√°maras 	√Årea de lavado	Ba√±o completo 	Cocina integral 	Closet en las 2 rec√°maras	Caj√≥n de estacionamiento üöó	Entrada con seguridadüö®	√Årea de juegos infantilesüé†	Buena vista üåÉ	Chapa inteligente (lector de huellas, codigo y llave) Ver menos	Reporta esta publicaci√≥n si crees que es discriminatoria.	Iniciar sesi√≥n para conocer m√°s detalles"
20.6306361,-103.2451505,No,3900,https://www.facebook.com/marketplace/item/2413105738877398,"https://www.google.com/maps/search/?api=1&query=20.6306361,-103.2451505","1 habitaci√≥n 1 ba√±o Departamento	$3.900/mes	Alquileres	Privada L√≥pez Cotilla 38, Tonal√°, JAL	Publicado hace m√°s de una semana	Enviar mensaje	Guardar	Detalles de la unidad	Departamento	1 dormitorio ¬∑ 1 ba√±o	Ubicaci√≥n de la propiedad	Tonal√°, JAL, 45400	Descripci√≥n	SE RENTA HABITACION (RECAMARA) :                                    	La casa se encuentra ubicada dentro de un Coto Privado (Seguridad) en TONALA, a dos cuadras de la Comisaria de Polic√≠as de Tonal√° (Av. Tonaltecas y Av. Los Maestros), Incluye Gas LP, Energ√≠a El√©ctrica, internet y TV con cable, Cuenta con Closet, Cama Matrimonial, ba√±o propio, TV 32" y terraza ( Solo comparte areas comunes ) " Renta Mensual 3,900 Pesos. Whatapps [hidden information] Ver menos	Reporta esta publicaci√≥n si crees que es discriminatoria.	Iniciar sesi√≥n para conocer m√°s detalles"
20.63023,-103.2454,No,3900,https://www.facebook.com/marketplace/item/297747459390740,"https://www.google.com/maps/search/?api=1&query=20.63023,-103.2454","1 habitaci√≥n 1 ba√±o Departamento	$3.900/mes	Alquileres	Privada L√≥pez Cotilla, Tonal√°, JAL	Publicado hace m√°s de una semana	Enviar mensaje	Guardar	Detalles de la unidad	Departamento	1 dormitorio ¬∑ 1 ba√±o	Ubicaci√≥n de la propiedad	Tonal√°, JAL, 45400	Descripci√≥n	SE RENTA HABITACION (RECAMARA) :                                    	La casa se encuentra ubicada dentro de un Coto Privado (Seguridad) en TONALA, a dos cuadras de la Comisaria de Polic√≠as de Tonal√° (Av. Tonaltecas y Av. Los Maestros), Incluye Gas LP, Energ√≠a El√©ctrica, internet y TV con cable, Cuenta con Closet, Cama Matrimonial, ba√±o propio, TV 32" y terraza ( Solo comparte areas comunes ) " Renta Mensual 3,900 Pesos. Whatapps [hidden information] Ver menos	Reporta esta publicaci√≥n si crees que es discriminatoria.	Iniciar sesi√≥n para conocer m√°s detalles"
20.64734,-103.25859,No,6900,https://www.facebook.com/marketplace/item/1069142150889896,"https://www.google.com/maps/search/?api=1&query=20.64734,-103.25859","2 habitaciones 1 ba√±o - Casa	$6.900/mes	Alquileres	Calle Industria 144, Tonal√°, JAL	Publicado hace m√°s de una semana	Enviar mensaje	Guardar	Detalles de la unidad	Casa	2 dormitorios ¬∑ 1 ba√±o	No amueblado	Ubicaci√≥n de la propiedad	Tonal√°, JAL, 45404	Descripci√≥n	‚ÄºÔ∏èSE RENTA DEPARTAMENTO NUEVO  ‚ÄºÔ∏èüè†‚úÖ		La Arbolada Residencial en Primer Nivel, Condominio Privado, Con Caseta de Vigilancia las 24hrs y variedad de amenidades.üìç 		üõå- 2 Habitaciones (Con Closets) 	üë©üèª‚Äçüç≥- Cocina Integral con Barra (Parrilla y Campana)	üõÄüèº- 1 Ba√±o completo (Con Cancel)	üöò- Estacionamiento 1 auto  	- Cuarto de servicios 	- Persianas 		$6,900 (Incluye Mantenimiento) 		Informes y citas al wa.me/523313491854‚òéÔ∏è  Ver menos	Reporta esta publicaci√≥n si crees que es discriminatoria.	Iniciar sesi√≥n para conocer m√°s detalles"
20.621660880793,-103.24686722956,No,5000,https://www.facebook.com/marketplace/item/905744247610767,"https://www.google.com/maps/search/?api=1&query=20.621660880793,-103.24686722956","2 habitaciones 1 ba√±o - Departamento	$5.000/mes	Alquileres	Tonal√°, JAL	Se aceptan perros y gatos	Publicado hace 4 d√≠as	Enviar mensaje	Guardar	Detalles de la unidad	Departamento	2 dormitorios ¬∑ 1 ba√±o	Estacionamiento privado	No amueblado	Ubicaci√≥n de la propiedad	Tonal√°, JAL	La ubicaci√≥n es aproximada	Descripci√≥n	Se renta departamento 1er piso en condominio privado ubicado en Tonala, Jalisco 	A 10 minutos del centro d√© Tonala y 10 minutos del parque solidaridad, cuenta con cocina integral, estufa el√©ctrica, campana de cocina, barra de cocina, cl√≥set en rec√°mara principal, boiler el√©ctrico, tinaco y calentador solar, persianas en rec√°maras y sala 	Caj√≥n de estacionamiento propio, control de acceso y circuito de c√°maras 	Ya viene incluido el mantenimiento 	Se pide 1 mes de dep√≥sito y 1 mes de renta adelantada, con 1 aval de casa propia 	Contrato por 1 a√±o Ver menos	Reporta esta publicaci√≥n si crees que es discriminatoria.	Iniciar sesi√≥n para conocer m√°s detalles"
20.62561,-103.25213,No,2650,https://www.facebook.com/marketplace/item/836101287428331,"https://www.google.com/maps/search/?api=1&query=20.62561,-103.25213","1 habitaci√≥n 1 ba√±o Apartamento	$2.650/mes	Alquileres	Calle Retorno Loma Ecuandureo, Tonal√°, JAL	Publicado hace m√°s de una semana	Enviar mensaje	Guardar	Detalles de la unidad	Departamento	1 dormitorio ¬∑ 1 ba√±o	No amueblado	Ubicaci√≥n de la propiedad	Tonal√°, JAL, 45402	Descripci√≥n	Depto compartido completamente amueblado. Incluye servicios. 	Reporta esta publicaci√≥n si crees que es discriminatoria.	Iniciar sesi√≥n para conocer m√°s detalles"
20.62886,-103.28738,No,3000,https://www.facebook.com/marketplace/item/395787207903581,"https://www.google.com/maps/search/?api=1&query=20.62886,-103.28738","1 habitaci√≥n 1 ba√±o Solo habitaci√≥n	$3.000/mes	Alquileres	102Privada Real de las Araucarias, Tlaquepaque, JAL	Publicado hace m√°s de una semana	Guardar	Compartir	Detalles de la unidad	Solo habitaci√≥n	1 dormitorio ¬∑ 1 ba√±o	Lavadero disponible	Estacionamiento disponible	Amueblado	Ubicaci√≥n de la propiedad	Tlaquepaque, JAL, 45407	Descripci√≥n	Se Rentan Cuartos Amuebladosüõéüõå...( incluyen üöø caliente ,ba√±o üöΩüßª, CocinaüçΩ ,Aseo diario üßπüßºüßΩ ,Wifi üì≤ 	PD. Ambiente Familiar Intetesados : [hidden information] y 27332668	üí∞ 100 .00 X D√≠a Ver menos	Reporta esta publicaci√≥n si crees que es discriminatoria.	Iniciar sesi√≥n para conocer m√°s detalles"
20.63527,-103.29339,Yes,2300,https://www.facebook.com/marketplace/item/268538105727906,"https://www.google.com/maps/search/?api=1&query=20.63527,-103.29339","Alquilado	  ¬∑	1 habitaci√≥n 1 ba√±o - Townhouse	$2.300/mes	Alquileres	Calle Jos√© Mar√≠a Morelos, Tlaquepaque, JAL	Publicado hace m√°s de una semana	Guardar	Compartir	Detalles de la unidad	Casa adosada o townhouse	1 dormitorio ¬∑ 1 ba√±o	No amueblado	Ubicaci√≥n de la propiedad	Tlaquepaque, JAL, 45540	Descripci√≥n	Renta Habitaci√≥n amueblada ¬°TODOS LOS SERVICIOS INCLUIDOS!	Cerca de:	Sam's Club Revoluci√≥n	Bodega Aurrer√° Revoluci√≥n	Unitec L√°zaro C√°rdenas	UNIVER Tlaquepaque	Estaci√≥n del tren L√°zaro C√°rdenas L√≠nea 3	Banamex Revoluci√≥n	Cl√≠nica 54 IMSS Ver menos	Reporta esta publicaci√≥n si crees que es discriminatoria.	Iniciar sesi√≥n para conocer m√°s detalles"
20.6329252,-103.3020979,Yes,3500,https://www.facebook.com/marketplace/item/817803782768764,"https://www.google.com/maps/search/?api=1&query=20.6329252,-103.3020979","Alquilado	  ¬∑	1 habitaci√≥n 2 ba√±os - Casa	$3.500/mes	Alquileres	Calle de las Am√©ricas 8, Tlaquepaque, JAL	Publicado hace m√°s de una semana	Guardar	Compartir	Detalles de la unidad	Casa	1 dormitorio ¬∑ 2 ba√±os	No amueblado	Ubicaci√≥n de la propiedad	Tlaquepaque, JAL, 45500	Descripci√≥n	Rento habitaci√≥n amueblada con todos los servicios 	(Internet, cable, agua, luz) 	Pido 2 referencias personales y 2 laborales 	Copia de INNE 	Mes de dep√≥sito üí∏ 	Y el gas se paga bimestral entre todos los inquilinos de la casa.  Ver menos	Reporta esta publicaci√≥n si crees que es discriminatoria.	Iniciar sesi√≥n para conocer m√°s detalles"
20.63258,-103.30712,No,3800,https://www.facebook.com/marketplace/item/370241748775982,"https://www.google.com/maps/search/?api=1&query=20.63258,-103.30712","1 habitaci√≥n 1 ba√±o - Departamento	$3.800/mes	Alquileres	Calle Rep√∫blica de Brasil, Tlaquepaque, JAL	Publicado hace m√°s de una semana ¬∑ Disponible ahora	Enviar mensaje	Guardar	Detalles del edificio	Terraza	Detalles de la unidad	Departamento	1 dormitorio ¬∑ 1 ba√±o	Estacionamiento en la v√≠a p√∫blica	No amueblado	Ventilador de techo	Microondas	Patio	Ubicaci√≥n de la propiedad	Tlaquepaque, JAL, 45500	Descripci√≥n	Habitaciones privadas y amuebladas para profesionistas 	Amplios y comodos con todos los servicios	*Luz *Agua *internet WiFi de 100mgb * *Ba√±o propio *Frigobar * Cocina compartida * Cambio de sabanas una vez al mes. Limpieza en areas comunes		Buena ubicacion 	A 4 cuadras del Centro de Tlaquepaque (Parian) y 20 minutos a Centro de Guadalajara		Contamos con Linda Terraza a hermosa ciudad de Guadalajara y Zapopan		*Requisitos	- presentar 2 cartas de Recomendacion laboral y personal	-  Copia oh foto de identificacion INE por los     2 lados 	-Deposito de $3,000	-Comprobante de ingresos	(Buscamos gente responsable) 		* Se hace contrato por 6 meses*		*Realmente interesados mandar inbox* Ver menos	Reporta esta publicaci√≥n si crees que es discriminatoria.	Iniciar sesi√≥n para conocer m√°s detalles"
20.62578,-103.31223,No,6500,https://www.facebook.com/marketplace/item/1776650172786000,"https://www.google.com/maps/search/?api=1&query=20.62578,-103.31223","2 habitaciones 1 ba√±o - Departamento	$6.500/mes	Alquileres	Calzada Delicias, Tlaquepaque, JAL	Publicado hace m√°s de una semana	Enviar mensaje	Guardar	Detalles de la unidad	Departamento	2 dormitorios ¬∑ 1 ba√±o	No amueblado	Ubicaci√≥n de la propiedad	Tlaquepaque, JAL, 45560	Descripci√≥n	Cuenta con 2 rec√°maras, una con 1 closet y 1 minisplit, y la otra con 3 closet grandes,1ba√±o equipado, cocina integral con estufa y campana, barra desayunadora, sala, comedor, patio de servicio (parte de arriba de la azotea) ventanas de aluminio con vidrios filtrasol, l√°mparas de techo y cortinas (opcional) Ver menos	Reporta esta publicaci√≥n si crees que es discriminatoria.	Iniciar sesi√≥n para conocer m√°s detalles"
20.606584496708,-103.2651580468,No,3200,https://www.facebook.com/marketplace/item/856944246142507,"https://www.google.com/maps/search/?api=1&query=20.606584496708,-103.2651580468","Cerca de Aurrer√° Santa Paula, depa	$3.200/mes	Alquileres	Autopista A Zapotlanejo, Tlaquepaque, JAL	Publicado hace m√°s de una semana	Enviar mensaje	Guardar	Detalles de la unidad	Departamento	2 dormitorios ¬∑ 1 ba√±o	Ubicaci√≥n de la propiedad	Tlaquepaque, JAL, 45638	Descripci√≥n	2 Beds 1 Bath - Apartment		Autopista A Zapotlanejo, Tlaquepaque, JAL, M√©xico 	Reporta esta publicaci√≥n si crees que es discriminatoria.	Iniciar sesi√≥n para conocer m√°s detalles"
20.6141294,-103.2892693,No,7000,https://www.facebook.com/marketplace/item/340216515277539,"https://www.google.com/maps/search/?api=1&query=20.6141294,-103.2892693","2 habitaciones 1 ba√±o - Departamento	$7.000/mes	Alquileres	Calle Agua Dulce 200, Tlaquepaque, JAL	Publicado hace m√°s de una semana	Enviar mensaje	Guardar	Detalles de la unidad	Departamento	2 dormitorios ¬∑ 1 ba√±o	No amueblado	Balc√≥n	Ubicaci√≥n de la propiedad	Tlaquepaque, JAL, 45625	Descripci√≥n	HERMOSO DEPARTAMENTO EN RENTA üè† 		üìçJardines de Allende Residencial.		Direcci√≥n: C. Agua Dulce 200, San Pedrito, 45625 San Pedro Tlaquepaque, Jal.		https://maps.app.goo.gl/8xhLRkR7tcA3DsBz6?g_st=ic		-2 habitaciones 	-1 ba√±o completo 	-sala	- comedor 	-Cocina equipada	-Closets en cada habitaci√≥n 	-Cuarto de servicio	-Boiler	-2 balcones	-Persianas en todas sus ventanas	-Puerta de m√°xima seguridad 	-Acceso privado (coto privado con caseta + interphone en el edificio)	-Se encuentra en el 4to piso (no cuenta con elevador)		Amenidades:	-jardines seguros	-f√°cil acceso	-seguridad privada 24/7	-comercios cerca 		A 5 minutos de la central nueva y tren ligero üè¢		Costo:	$6500 renta	$500 mantenimiento		TOTAL: $7000 MXN mensual.		El lugar SI cuenta con zona de cajones de estacionamiento de uso libre las 24 hrs. En caso de requerir un estacionamiento privado tiene costo extra de $500 MXN.	 Ver menos	Reporta esta publicaci√≥n si crees que es discriminatoria.	Iniciar sesi√≥n para conocer m√°s detalles"
20.612452462361,-103.29054071568,No,7000,https://www.facebook.com/marketplace/item/660754966152456,"https://www.google.com/maps/search/?api=1&query=20.612452462361,-103.29054071568","2 habitaciones 1 ba√±o - Departamento	$7.000/mes	Alquileres	Agua Dulce #162, San Pedrito, Tlaquepaque, Jal., Tlaquepaque, JAL	Publicado hace m√°s de una semana	Enviar mensaje	Guardar	Detalles de la unidad	Departamento	2 dormitorios ¬∑ 1 ba√±o	No amueblado	Ubicaci√≥n de la propiedad	Tlaquepaque, JAL, 45625	Descripci√≥n	HERMOSO DEPARTAMENTO EN RENTA üè† 		üìçJardines de Allende		2 habitaciones 	1 ba√±o completo 	sala - comedor 	Cocina equipada	Closets en cada habitaci√≥n 	Cuarto de servicio	2 balcones	Puerta de m√°xima seguridad 	Acceso privado (coto privado con caseta + interphone en el edificio)		Amenidades:	-jardines seguros	-f√°cil acceso	-seguridad privada 24/7	-comercios cerca 		A 5 minutos de la central nueva y tren ligero üè¢		Requisitos:		‚úÖ Identificaci√≥n oficial 	‚úÖComprobante de ingresos 	‚úÖComprobante de domicilio 	‚úÖAval 	‚úÖ 1 mes de dep√≥sito 	‚úÖEntrevista 	‚úÖNo se permiten mascotas o ni√±os (por seguridad de los peque√±os)		Costo: $7,000 + $500 de mantenimiento  Ver menos	Reporta esta publicaci√≥n si crees que es discriminatoria.	Iniciar sesi√≥n para conocer m√°s detalles"
20.6221659,-103.3058931,No,3600,https://www.facebook.com/marketplace/item/1380621809498086,"https://www.google.com/maps/search/?api=1&query=20.6221659,-103.3058931","Habitaci√≥n privada en alquiler	$3.600/mes	Alquileres	San Pedro Ap√≥stol 900, Tlaquepaque, JAL	Publicado hace m√°s de una semana	Enviar mensaje	Guardar	Detalles de la unidad	Casa	1 dormitorio ¬∑ 1 ba√±o	Ubicaci√≥n de la propiedad	Tlaquepaque, JAL, 45589	Descripci√≥n	Cuarto disponible  	Rento cuarto amueblado			Incluye servicios:	Gas	Internet 	Lavadora 	Luz 	Agua 	Aseo en √°reas comunes 		Cerca de:	UNITEC (campus L√°zaro C√°rdenas) 	L√°zaro C√°rdenas	Carretera Chapala 	Central camionera nueva 	√Ålamo industrial 	Tlaquepaque centro 		Col. Lomas de san Miguel 	Lomas de San Miguel, San Pedro Tlaquepaque, Jal.	San Pedro Ap√≥stol #900		Whatsapp	http://wa.me/+523341150500			3*3*4*1*1*5*0*5*0*0	 Ver menos	Reporta esta publicaci√≥n si crees que es discriminatoria.	Iniciar sesi√≥n para conocer m√°s detalles"
20.60599,-103.29324,No,5000,https://www.facebook.com/marketplace/item/1547191799444501,"https://www.google.com/maps/search/?api=1&query=20.60599,-103.29324","2 habitaciones 1 ba√±o - Departamento	$5.000/mes	Alquileres	Calle Felipe Gonz√°lez Vel√°zquez, Tlaquepaque, JAL	Publicado hace m√°s de una semana ¬∑ Disponible ahora	Enviar mensaje	Guardar	Detalles de la unidad	Departamento	2 dormitorios ¬∑ 1 ba√±o	Lavadero en la unidad	Estacionamiento privado	No amueblado	Horno	Ubicaci√≥n de la propiedad	Tlaquepaque, JAL, 45629	Descripci√≥n	Renta de departamento nuevo de dos recamaras con 1 sanitario, espacio para sala y comedor, con patio de servicio con calentador el√©ctrico y de gas y cocina (incluye cocina integral y estufa)y tiene sus protecciones en la puerta con un estacionamiento y cisterna. Incluye bomba de agua para mayor funcionamiento. Servicio de basura privada. El lugar es muy tranquilo y se vive agusto, son pocos departamentos. El macrobus queda cerca a 5 min.  Ver menos	Reporta esta publicaci√≥n si crees que es discriminatoria.	Iniciar sesi√≥n para conocer m√°s detalles"
20.61881,-103.3165,No,2900,https://www.facebook.com/marketplace/item/891454978989783,"https://www.google.com/maps/search/?api=1&query=20.61881,-103.3165","1 habitaci√≥n 1 ba√±o Departamento	$2.900/mes	Alquileres	Calle M√°rtires de Cananea 3487, Tlaquepaque, JAL	Publicado hace m√°s de una semana	Enviar mensaje	Guardar	Detalles de la unidad	Departamento	1 dormitorio ¬∑ 1 ba√±o	Ubicaci√≥n de la propiedad	Tlaquepaque, JAL, 45580	Descripci√≥n	FAVOR DE LEER LA INFORMACI√ìN COMPLETA.		HABITACI√ìN AMUEBLADA INDEPENDIENTE para UNA persona limpia y responsable. NO SE PUEDE PARA DOS PERSONAS.		Cuenta con su recamara, su ba√±o completo y su refrigerador. 		Todo esto dentro de la habitaci√≥n NADA SE COMPARTE.		Incluye agua fr√≠a y agua caliente.	 	Luz se pagan aparte.		NO SE ACEPTAN MASCOTAS, ni peque√±as, ni limpias, ni educadas.		HAY lugar para estacionarse en la v√≠a p√∫blica.		DIRECCI√ìN: M√°rtires de Cananea 3487 Fraccionamiento Revoluci√≥n 		Renta: $2,900		REQUISITOS:	-Aval	-Dep√≥sito por la misma cantidad de la renta	-Contrato por UN a√±o	-Pago del primer mes	-Comprobante de trabajo		SI NO TIENEN FOTO REAL NO RESPONDO MENSAJES.  Ver menos	Reporta esta publicaci√≥n si crees que es discriminatoria.	Iniciar sesi√≥n para conocer m√°s detalles"
20.58578,-103.35752,Yes,5500,https://www.facebook.com/marketplace/item/611264634248046,"https://www.google.com/maps/search/?api=1&query=20.58578,-103.35752","Alquilado	  ¬∑	2 habitaciones 1 ba√±o - Casa	$5.500/mes	Alquileres	Circuito Sierra Verde, Tlaquepaque, JAL	Publicado hace m√°s de una semana	Guardar	Compartir	Detalles de la unidad	Casa	2 dormitorios ¬∑ 1 ba√±o	No amueblado	Ubicaci√≥n de la propiedad	Tlaquepaque, JAL, 45610	Descripci√≥n	‚ÄºÔ∏è CASA EN RENTA ‚ÄºÔ∏è		üìçUBICADA EN EL FRACCIONAMIENTO PRADO DE LUNA, COTO PRADO DE LUNA, EN EL MUNICIPIO DE SAN PEDRO TLAQUEPAQUE, JALISCO.		COTO CON ACCESO CONTROLADO.  		LA CASA CUENTA CON LO SIGUIENTE:		üî¥ COCHERA PARA UN VEH√çCULO;		üî¥ DOS RECAMARAS, CADA UNA CON CLOSET Y AIRE ACONDICIONADO;		üî¥ √ÅREA PARA SALA;		üî¥ √ÅREA PARA COMEDOR;		üî¥ COCINA INTEGRAL, INCLUYE ESTUFA Y CAMPANA;		üî¥ UN BA√ëO COMPLETO, √ÅREA DE REGADERA CON CANCEL DE CRISTAL;		üî¥ PATIO AMPLIO, CON LAVADERO, BOILER, GAS ESTACIONARIO;		üî¥ INSTALACIONES PARA LAVADORA Y/O SECADORA.		üîµ EL COSTO DE LA RENTA ES DE $5,500.00 YA INCLUYE EL PAGO DE LA COUTA DE MANTENIMIENTO DEL COTO. 		REQUISITOS:		‚òëÔ∏è UN MES DE RENTA POR CONCEPTO DE DEP√ìSITO; 		‚òëÔ∏è MES DE RENTA;		‚òëÔ∏è FIADOR CON PROPIEDAD COMPROBABLE DENTRO DE LA ZMG;		‚òëÔ∏è IDENTIFICACIONES OFICIALES DE ARRENDATARIO Y FIADOR.		 Ver menos	Reporta esta publicaci√≥n si crees que es discriminatoria.	Iniciar sesi√≥n para conocer m√°s detalles"
20.58378,-103.33724,No,3000,https://www.facebook.com/marketplace/item/3455955834718732,"https://www.google.com/maps/search/?api=1&query=20.58378,-103.33724","Habitaci√≥n privada en alquiler	$3.000/mes	Alquileres	Calle del Alfarero 4998, Tlaquepaque, JAL	Se aceptan perros	Publicado hace m√°s de una semana ¬∑ Disponible ahora	Enviar mensaje	Guardar	Detalles de la unidad	Casa adosada o townhouse	4 dormitorios ¬∑ 3 ba√±os	Lavadero en el edificio	Estacionamiento en la v√≠a p√∫blica	4 personas viven aqu√≠	Ubicaci√≥n de la propiedad	Tlaquepaque, JAL, 45598	Descripci√≥n	Habitacion amueblada a 1 cuadra de Periferico(estacion macroperiferico artesanos) y 5 min de juan de la barrera.		Incluye servicios:		Agua 	Luz	Internet 	Gas		contrato por 6 meses	se pide mes de renta y mes de deposito.		Bastantes rutas de transporte a la mano.		Cerca de :		Centro Sur, Continental, Iteso, Tren ligero, Adolf Horn, Lala, HP, Parque industrial del bosque, truper, tracsa, Foxconn, IBM, tapatio, parque montenegro, aeropuerto.		 Ver menos	Reporta esta publicaci√≥n si crees que es discriminatoria.	Iniciar sesi√≥n para conocer m√°s detalles"
20.5926711,-103.3333531,No,6000,https://www.facebook.com/marketplace/item/825680272638092,"https://www.google.com/maps/search/?api=1&query=20.5926711,-103.3333531","2 habitaciones 1 ba√±o - Casa	$6.000/mes	Alquileres	Calle San Juan, Tlaquepaque, JAL	Publicado hace m√°s de una semana	Enviar mensaje	Guardar	Detalles de la unidad	Casa	2 dormitorios ¬∑ 1 ba√±o	No amueblado	Ubicaci√≥n de la propiedad	Tlaquepaque, JAL, 45596	Descripci√≥n	üèöÔ∏èSE RENTA CASA EN PARQUES DEL PALMAR, TLAQUEPAQUE, JAL.üèöÔ∏è		üõè 1 rec√°mara	üìñ Estudio	üõÄ  1 Ba√±o completo 		üíµ *$6,000.00*	Mantenimiento Incluido.	Citas e informes 	‚òéÔ∏è3Ô∏è‚É£3Ô∏è‚É£5Ô∏è‚É£3Ô∏è‚É£3Ô∏è‚É£1Ô∏è‚É£4Ô∏è‚É£9Ô∏è‚É£4Ô∏è‚É£9Ô∏è‚É£ Ver menos	Reporta esta publicaci√≥n si crees que es discriminatoria.	Iniciar sesi√≥n para conocer m√°s detalles"
20.53422,-103.39016,No,3500,https://www.facebook.com/marketplace/item/3585747618356542,"https://www.google.com/maps/search/?api=1&query=20.53422,-103.39016","3 habitaciones 2 ba√±os - Casa	$3.500/mes	Alquileres	Avenida Luna, Tlajomulco de Z√∫√±iga, JAL	Publicado hace m√°s de una semana ¬∑ Disponible ahora	Enviar mensaje	Guardar	Detalles de la unidad	Casa	3 dormitorios ¬∑ 2 ba√±os	Estacionamiento disponible	No amueblado	Ubicaci√≥n de la propiedad	Tlajomulco de Z√∫√±iga, JAL, 45654	Descripci√≥n	Hermosa casa en RENTA, ubicada en REAL del SOL. Cerca de CHEDRAUI pertenece a Tlajomulco. Cuenta con 3 Rec√°maras, 1Start de TV., 2 Ba√±os completos con canceles en cada ba√±o!!! Cocina, comedor cocina y estacionamiento para 2 autos!!! Todo √©sto dentro de COTO PRIVADO con control autom√°tico. NO MASCOTAS!!! Ver menos	Reporta esta publicaci√≥n si crees que es discriminatoria.	Iniciar sesi√≥n para conocer m√°s detalles"
20.52767,-103.38778,No,7000,https://www.facebook.com/marketplace/item/1380621732539614,"https://www.google.com/maps/search/?api=1&query=20.52767,-103.38778","3 habitaciones 2 ba√±os - Casa	$7.000/mes	Alquileres	Camino a Concepci√≥n del Valle, Tlajomulco de Z√∫√±iga, JAL	Publicado hace m√°s de una semana	Enviar mensaje	Guardar	Detalles de la unidad	Casa	3 dormitorios ¬∑ 2 ba√±os	No amueblado	Ubicaci√≥n de la propiedad	Tlajomulco de Z√∫√±iga, JAL, 45654	Descripci√≥n	üè°‚ú® Rento casa en Fraccionamiento Real Del Valleüè†‚ú®		Cuenta con...		üîµüöòCochera techada con domo para 1 auto 	üü°üõãÔ∏èSala/ Comedor 	üîµü´ïCocina integral (incluye estufa y campana)	üü°üõÄüèΩ 2 ba√±os completos 	üîµüßπPatio de servicio con protecciones y domo 	üü°üõåüèΩ3 habitaciones con closet y ventilador 	üîµüîíCasa dentro de coto, cuenta con protecciones y mosquiteros 		*üè†‚ú®NO pierdas la oportunidad de mudarte a tu nuevo hogarüè†‚ú®*		Inversi√≥n de renta 	ü§ëüí≤7,000ü§ë		üìçUbicaci√≥n:	Coto San Enrique 1336, Fracc Real Del Valle 	https://maps.app.goo.gl/CzNXLaAADSwiMU4w6?g_st=iw		üîëCRM:	https://ficha.info/p/2bbbbc32dbde4b66bfb451bd74b876ba		[hidden information] Alejandra Ugalde  Ver menos	Reporta esta publicaci√≥n si crees que es discriminatoria.	Iniciar sesi√≥n para conocer m√°s detalles"
20.496460941074,-103.34339135901,No,2500,https://www.facebook.com/marketplace/item/318421950895289,"https://www.google.com/maps/search/?api=1&query=20.496460941074,-103.34339135901","2 habitaciones 1 ba√±o - Departamento	$2.500/mes	Alquileres	Privada Plaza, Tlajomulco de Z√∫√±iga, JAL	Se aceptan perros y gatos	Publicado hace m√°s de una semana ¬∑ Disponible ahora	Enviar mensaje	Guardar	Detalles de la unidad	Departamento	2 dormitorios ¬∑ 1 ba√±o	Lavadero en la unidad	Estacionamiento en la v√≠a p√∫blica	No amueblado	Lavavajillas	Patio	Ubicaci√≥n de la propiedad	Tlajomulco de Z√∫√±iga, JAL, 45653	Descripci√≥n	Departamento, planta alta  	Reporta esta publicaci√≥n si crees que es discriminatoria.	Iniciar sesi√≥n para conocer m√°s detalles"
20.5520662,-103.35758405,No,3950,https://www.facebook.com/marketplace/item/725554562520858,"https://www.google.com/maps/search/?api=1&query=20.5520662,-103.35758405","2 habitaciones 2 ba√±os Casa	$3.950/mes	Alquileres	45654 Tlajomulco de Z√∫√±iga, Jalisco, M√©xico, Tlajomulco de Z√∫√±iga, JAL	Publicado hace m√°s de una semana	Enviar mensaje	Guardar	Detalles de la unidad	Casa	2 dormitorios ¬∑ 2 ba√±os	Ubicaci√≥n de la propiedad	Tlajomulco de Z√∫√±iga, JAL, 45654	Descripci√≥n	Fracc Sendero Real	Renta mensual  $3,950.00		2 niveles üè°	Planta baja:	Sala	Comedor 	1/2 ba√±o	Cocina integral sin estufa	Amplio patio interior con piso de cemento 	√Årea de lavado	Lavadero	Boiler de paso	Instalaci√≥n para lavadora 	Cochera  para un auto, con √°rea de jard√≠n 		Planta alta:	1 ba√±o completo, con lavabo en el interior 	2 rec√°maras, las 2 con √°rea de closet 		Toda la casa cuenta con piso cer√°mico, las rec√°maras cuentan con  mosquiteros de acero		Amenidades dentro del fraccionamiento:	2 √Åreas verdes	Juegos infantil		INFORMES [hidden information] ESTEFANY MENDOZA Ver menos	Reporta esta publicaci√≥n si crees que es discriminatoria.	Iniciar sesi√≥n para conocer m√°s detalles"
20.53287,-103.35861,No,5000,https://www.facebook.com/marketplace/item/7517657608264827,"https://www.google.com/maps/search/?api=1&query=20.53287,-103.35861","3 habitaciones 1 ba√±o - Casa	$5.000/mes	Alquileres	Circuito Abel, Tlajomulco de Z√∫√±iga, JAL	Publicado hace m√°s de una semana	Enviar mensaje	Guardar	Detalles de la unidad	Casa	3 dormitorios ¬∑ 1 ba√±o	No amueblado	Ubicaci√≥n de la propiedad	Tlajomulco de Z√∫√±iga, JAL, 45654	Descripci√≥n	Reci√©n amueblada y remodelada, habitaci√≥n principal amplia y ba√±o tambi√©n remodelado.	Cerca de Adolf Horn, aut√≥dromo.	Todo como se muestra en fotos. Ver menos	Reporta esta publicaci√≥n si crees que es discriminatoria.	Iniciar sesi√≥n para conocer m√°s detalles"
20.5443496,-103.3662945,No,7000,https://www.facebook.com/marketplace/item/3372612109551926,"https://www.google.com/maps/search/?api=1&query=20.5443496,-103.3662945","3 habitaciones 2 ba√±os - Casa	$7.000/mes	Alquileres	Calle San Enrique 1338, Tlajomulco de Z√∫√±iga, JAL	Publicado hace 4 d√≠as	Enviar mensaje	Guardar	Detalles de la unidad	Casa	3 dormitorios ¬∑ 2 ba√±os	No amueblado	Ubicaci√≥n de la propiedad	Tlajomulco de Z√∫√±iga, JAL, 45654	Descripci√≥n	üè°‚ú® Rento casa en Fraccionamiento Real Del Valleüè†‚ú®		Cuenta con...		üîµüöòCochera techada con domo para 1 auto 	üü°üõãÔ∏èSala/ Comedor 	üîµü´ïCocina integral (incluye estufa y campana)	üü°üõÄüèΩ 2 ba√±os completos 	üîµüßπPatio de servicio con protecciones y domo 	üü°üõåüèΩ3 habitaciones con closet y ventilador 	üîµüîíCasa dentro de coto, cuenta con protecciones y mosquiteros 		*üè†‚ú®NO pierdas la oportunidad de mudarte a tu nuevo hogarüè†‚ú®*		Inversi√≥n de renta 	ü§ëüí≤7,000ü§ë		üìçUbicaci√≥n:	Coto San Enrique 1336, Fracc Real Del Valle 	https://maps.app.goo.gl/CzNXLaAADSwiMU4w6?g_st=iw		üîëCRM:	https://ficha.info/p/2bbbbc32dbde4b66bfb451bd74b876ba Ver menos	Reporta esta publicaci√≥n si crees que es discriminatoria.	Iniciar sesi√≥n para conocer m√°s detalles"
20.54432,-103.3682,No,7000,https://www.facebook.com/marketplace/item/360782396692461,"https://www.google.com/maps/search/?api=1&query=20.54432,-103.3682","3 habitaciones 2 ba√±os - Casa	$7.000/mes	Alquileres	Avenida Valle de San Alejo, Tlajomulco de Z√∫√±iga, JAL	Publicado hace m√°s de una semana	Enviar mensaje	Guardar	Detalles de la unidad	Casa	3 dormitorios ¬∑ 2 ba√±os	No amueblado	Ubicaci√≥n de la propiedad	Tlajomulco de Z√∫√±iga, JAL, 45654	Descripci√≥n	üè°‚ú® Rento casa en Fraccionamiento Real Del Valleüè†‚ú®		WhatsApp 33-22-71-50-45 Alejandra Meza 		Cuenta con...		üîµüöòCochera techada con domo para 1 auto 	üü°üõãÔ∏èSala/ Comedor 	üîµü´ïCocina integral (incluye estufa y campana)	üü°üõÄüèΩ 2 ba√±os completos 	üîµüßπPatio de servicio con protecciones y domo 	üü°üõåüèΩ3 habitaciones con closet y ventilador 	üîµüîíCasa dentro de coto, cuenta con protecciones y mosquiteros 		*üè†‚ú®NO pierdas la oportunidad de mudarte a tu nuevo hogarüè†‚ú®*		Inversi√≥n de renta 	ü§ëüí≤7,000ü§ë		üìçUbicaci√≥n:	Coto San Enrique 1336, Fracc Real Del Valle 	https://maps.app.goo.gl/CzNXLaAADSwiMU4w6?g_st=iw		üîëCRM:	https://ficha.info/p/2bbbbc32dbde4b66bfb451bd74b876ba Ver menos	Reporta esta publicaci√≥n si crees que es discriminatoria.	Iniciar sesi√≥n para conocer m√°s detalles"
20.52433,-103.33631,No,3600,https://www.facebook.com/marketplace/item/713189510458526,"https://www.google.com/maps/search/?api=1&query=20.52433,-103.33631","2 habitaciones 4 ba√±os - Townhouse	$3.600/mes	Alquileres	Boulevard Paseos del Valle, Tlajomulco de Z√∫√±iga, JAL	Se aceptan perros y gatos	Publicado hace m√°s de una semana	Enviar mensaje	Guardar	Detalles de la unidad	Casa adosada o townhouse	2 dormitorios ¬∑ 4 ba√±os	No amueblado	Ubicaci√≥n de la propiedad	Tlajomulco de Z√∫√±iga, JAL, 45672	Descripci√≥n	Pensi√≥n para cami√≥n 24/7  	Reporta esta publicaci√≥n si crees que es discriminatoria.	Iniciar sesi√≥n para conocer m√°s detalles"
20.54623,-103.35901,No,4800,https://www.facebook.com/marketplace/item/211966131913051,"https://www.google.com/maps/search/?api=1&query=20.54623,-103.35901","2 habitaciones 2 ba√±os - Casa	$4.800/mes	Alquileres	Calle Paloma 184, Tlajomulco de Z√∫√±iga, JAL	Publicado hace m√°s de una semana ¬∑ Disponible ahora	Enviar mensaje	Guardar	Detalles de la unidad	Casa	2 dormitorios ¬∑ 2 ba√±os	Lavadero disponible	Estacionamiento disponible	No amueblado	Ubicaci√≥n de la propiedad	Tlajomulco de Z√∫√±iga, JAL, 45654	Descripci√≥n	Casa habitaci√≥n 2 rec√°maras cosina integral  sin amueblar 	Reporta esta publicaci√≥n si crees que es discriminatoria.	Iniciar sesi√≥n para conocer m√°s detalles"
20.5433922,-103.3421299,No,6000,https://www.facebook.com/marketplace/item/746485800665132,"https://www.google.com/maps/search/?api=1&query=20.5433922,-103.3421299","Pendiente	  ¬∑	2 habitaciones 1.5 ba√±os Casa	$6.000/mes	Alquileres	Avenida Hacienda Santa Cruz 88, Tlajomulco de Z√∫√±iga, JAL	68 metros cuadrados	Se aceptan perros y gatos	Publicado hace m√°s de una semana ¬∑ Disponible ahora	Enviar mensaje	Guardar	Detalles de la unidad	Casa	2 dormitorios ¬∑ 1 ba√±o	68 metros cuadrados	Lavadero disponible	Estacionamiento privado	Ubicaci√≥n de la propiedad	Tlajomulco de Z√∫√±iga, JAL, 45655	Descripci√≥n	Casa en Renta en Coto Napoles en Hacienda Santa Cruz		Cuenta con:		2 rec√°maras	1 Estudio	1.5 ba√±os	Cocina 	Patio de servicio 	Sala	Comedor	Cochera para 1 auto		Amenidades del coto:		Seguridad 24/7	Terraza	Juegos infantiles 	Alberca  Ver menos	Reporta esta publicaci√≥n si crees que es discriminatoria.	Iniciar sesi√≥n para conocer m√°s detalles"
20.56678,-103.34165,Yes,7300,https://www.facebook.com/marketplace/item/1015732202694269,"https://www.google.com/maps/search/?api=1&query=20.56678,-103.34165","Alquilado	  ¬∑	Casa nueva en Paseo de los parques	$7.300/mes	Alquileres	Circuito San Blas, Tlaquepaque, JAL	Publicado hace m√°s de una semana	Guardar	Compartir	Detalles de la unidad	Casa	3 dormitorios ¬∑ 3 ba√±os	No amueblado	Ubicaci√≥n de la propiedad	Tlaquepaque, JAL, 45615	Descripci√≥n	Casa nueva de 3 niveles con 3 recamaras, dos ba√±os completos y uno medio, cochera, cocina, precio de renta de 7300 m√°s 600 de mantenimiento, se renta con contrato de justicia alternativa, no requiere aval Ver menos	Reporta esta publicaci√≥n si crees que es discriminatoria.	Iniciar sesi√≥n para conocer m√°s detalles"
20.55177,-103.36654,No,2600,https://www.facebook.com/marketplace/item/662116599420314,"https://www.google.com/maps/search/?api=1&query=20.55177,-103.36654","1 habitaci√≥n 1 ba√±o - Casa	$2.600/mes	Alquileres	Calle Valle de San Mois√©s, Tlajomulco de Z√∫√±iga, JAL	Publicado hace m√°s de una semana	Enviar mensaje	Guardar	Detalles de la unidad	Casa	1 dormitorio ¬∑ 1 ba√±o	No amueblado	Ubicaci√≥n de la propiedad	Tlajomulco de Z√∫√±iga, JAL, 45654	Descripci√≥n	Se renta habitaci√≥n sin amueblar		Fraccionamiento Real del Valle, f√°cil acceso a la salida de adolf.	Se pide dep√≥sito m√°s renta 		Internet	Gas	Luz	Mantenimiento Ver menos	Reporta esta publicaci√≥n si crees que es discriminatoria.	Iniciar sesi√≥n para conocer m√°s detalles"
20.56614,-103.34491,No,3500,https://www.facebook.com/marketplace/item/366328192526167,"https://www.google.com/maps/search/?api=1&query=20.56614,-103.34491","Habitaci√≥n privada en alquiler	$3.500/mes	Alquileres	Calle Santa Gertrudis 1733, Tlaquepaque, JAL	20 metros cuadrados de superficie	Publicado hace m√°s de una semana ¬∑ Disponible ahora	Enviar mensaje	Guardar	Detalles de la unidad	Casa	4 dormitorios ¬∑ 4 ba√±os	20 metros cuadrados de superficie	Lavadero en la unidad	No amueblado	3 personas viven aqu√≠	Ubicaci√≥n de la propiedad	Tlaquepaque, JAL, 45615	Descripci√≥n	Habitaci√≥n amueblada a 5 min de perif√©rico y Juan de la barrera		Incluye servicios :		Agua	Luz	Internet 	Gas	Limpieza de √°reas comunes 1 vez por semana 		Se pide 1 mes de dep√≥sito 	Contrato por 6 meses		Cerca de 	Centro sur, continental, hp, Lala , tr√°cesa, parque industr del bosque, av de la llave , ibm, foxconn, san mina , tapat√≠o, aeropuerto Ver menos	Reporta esta publicaci√≥n si crees que es discriminatoria.	Iniciar sesi√≥n para conocer m√°s detalles"
20.56279,-103.3561,No,2800,https://www.facebook.com/marketplace/item/654675559167459,"https://www.google.com/maps/search/?api=1&query=20.56279,-103.3561","Habitaci√≥n privada en alquiler	$2.800/mes	Alquileres	Circuito de Las J√≠camas 128, Tlaquepaque, JAL	Publicado hace m√°s de una semana	Enviar mensaje	Guardar	Detalles de la unidad	Casa	1 dormitorio ¬∑ 1 ba√±o	Estacionamiento privado	No amueblado	1 persona vive aqu√≠	Balc√≥n	Ubicaci√≥n de la propiedad	Tlaquepaque, JAL, 45615	Descripci√≥n	Casa con solo. Dos habitaciones, a 10 min de centro sur. 20 min del aeropuerto, 20 min de la central nueva. 	La recamara tiene solo base individual.	Cocina para preparar alimentos.	Refrigerador.	Horno de microondas. Ver menos	Informaci√≥n del vendedor	Detalles del vendedor	(7)	Reporta esta publicaci√≥n si crees que es discriminatoria.	Iniciar sesi√≥n para conocer m√°s detalles"
20.56374,-103.35731,No,2400,https://www.facebook.com/marketplace/item/902835734751118,"https://www.google.com/maps/search/?api=1&query=20.56374,-103.35731","1 habitaci√≥n 1 ba√±o - Casa	$2.400/mes	Alquileres	Calle Fuente del Oro 1631, Tlaquepaque, JAL	Publicado hace m√°s de una semana ¬∑ Disponible ahora	Enviar mensaje	Guardar	Detalles de la unidad	Casa	1 dormitorio ¬∑ 1 ba√±o	No amueblado	Ubicaci√≥n de la propiedad	Tlaquepaque, JAL, 45615	Descripci√≥n	LEER BIEN ES UN CUARTO Y SE COMPARTE, Casa con 2 hombres m√°s..	Incluye luz agua gas e internet.	Cuarto con ba√±o dentro del mismo...	Dep√≥sito $300	Mes de 2400	M√°s informaci√≥n inbox	Colonia villa fontana recidencial Ver menos	Informaci√≥n del vendedor	Detalles del vendedor	(5)	Reporta esta publicaci√≥n si crees que es discriminatoria.	Iniciar sesi√≥n para conocer m√°s detalles"
20.56527,-103.38784,No,3500,https://www.facebook.com/marketplace/item/1135977604479792,"https://www.google.com/maps/search/?api=1&query=20.56527,-103.38784","Cuarto en renta	$3.500/mes	Alquileres	Calle Dracaena, Tlaquepaque, JAL	Se aceptan perros y gatos	Publicado hace m√°s de una semana	Enviar mensaje	Guardar	Detalles de la unidad	Casa	2 dormitorios ¬∑ 2 ba√±os	Lavadero en la unidad	Estacionamiento privado	Ubicaci√≥n de la propiedad	Tlaquepaque, JAL, 45613	Descripci√≥n	Habitaci√≥n privada en alquiler		Calle Dracaena, Paseo del Prado, 45613 Tlaquepaque, JAL, M√©xico 	Reporta esta publicaci√≥n si crees que es discriminatoria.	Iniciar sesi√≥n para conocer m√°s detalles"
